INSERT INTO `category` (`cat_id`, `cat_name`, `parent_id`) VALUES
(1, 'Electronics & Computers', NULL),
(2, 'Movies, TV & Music', NULL),
(3, 'Home, Garden & DIY', NULL),
(4, 'Toys, Children & Baby', NULL),
(5, 'Clothes, Shoes & Jewellery', NULL),
(6, 'Sports & Outdoors', NULL),
(7, 'Health & Beauty', NULL),
(8, 'Car & Motorbike', NULL),
(9, 'Books', NULL),
(10, 'Electronics', 1),
(11, 'Computers', 1),
(12, 'Music', 2),
(13, 'Musical Instruments', 2),
(14, 'Film', 2),
(15, 'Action', 2),
(16, 'Garden & Outdoors', 3),
(17, 'Homeware & Furniture', 3),
(18, 'Kitchen & Dining', 3),
(19, 'Home Appliances', 3),
(20, 'Lighting', 3),
(21, 'Toys & Games', 4),
(22, 'Baby', 4),
(23, 'Clothing', 5),
(24, 'Shoes', 5),
(25, 'Jewellery', 5),
(26, 'Watches', 5),
(27, 'Handbags & Shoulder Bags', 5),
(28, 'Luggage', 5),
(29, 'Fitness', 6),
(30, 'Camping & Hiking', 6),
(31, 'Cycling', 6),
(32, 'Athletics', 6),
(33, 'Winter Sports', 6),
(34, 'Golf', 6),
(35, 'Water Sports', 6),
(36, 'Beauty', 7),
(37, 'Health & Personal Care', 7),
(38, 'Car Accessories & Parts', 8),
(39, 'Tools & Equipment', 8),
(40, 'Sat Nav & Car Electronics', 8),
(41, 'Motorbike Accessories & Parts', 8),
(42, 'Paperbacks', 9),
(43, 'Hardbacks', 9),
(44, 'Textbooks', 9),
(45, 'Audiobooks', 9),
(46, 'Camera & Photo', 10),
(47, 'TV & Home Cinema', 10),
(48, 'Audio & HiFi', 10),
(49, 'Phones', 10),
(50, 'Sat Nav & Car Electronics', 10),
(51, 'Electronics Accessories', 10),
(52, 'PC & Video Games', 10),
(53, 'Laptops', 11),
(54, 'Tablets', 11),
(55, 'Computer Accessories', 11),
(56, 'Computer Components', 11),
(57, 'Software', 11),
(58, 'Printers & Ink', 11),
(59, 'Beautiful South', 12),
(60, 'Fleetwood Mac', 12),
(61, 'The Manic Street Preachers', 12),
(62, 'Manu Chao', 12),
(63, 'Dire Straits', 12),
(64, 'Alkaline Trio', 12),
(65, 'Arcade Fire', 12),
(66, 'Bob Dylan', 12),
(67, 'Guns n'' Roses', 12),
(68, 'Guitars', 13),
(69, 'Pianos & Keyboards', 13),
(70, 'Drums & Percussion', 13),
(71, 'Band & Orchestra', 13),
(72, 'Action', 14),
(73, 'Adventure', 14),
(74, 'Animation', 14),
(75, 'Biography', 14),
(76, 'Comedy', 14),
(77, 'Crime', 14),
(78, 'Documentary', 14),
(79, 'Drama', 14),
(80, 'Family', 14),
(81, 'Fantasy', 14),
(82, 'Film Noir', 14),
(83, 'History', 14),
(84, 'SciFi', 14),
(85, 'Action', 15),
(86, 'Adventure', 15),
(87, 'Animation', 15),
(88, 'Biography', 15),
(89, 'Comedy', 15),
(90, 'Crime', 15),
(91, 'Documentary', 15),
(92, 'Drama', 15),
(93, 'Family', 15),
(94, 'Fantasy', 15),
(95, 'Film Noir', 15),
(96, 'History', 15),
(97, 'SciFi', 15),
(98, 'Mens', 23),
(99, 'Womens', 23),
(100, 'Boys', 23),
(101, 'Girls', 23),
(102, 'Animals', NULL),
(103, 'Cats', 102),
(107, 'Webcams', 55),
(110, 'Dogs', 102),
(114, 'Desktops', 11),
(150, 'Watercraft', NULL),
(232, 'Yachts', 150),
(233, 'Jetskis', 150),
(234, 'Weights', 29),
(235, 'Hammers', 3); 
INSERT INTO `custom_field` (`id`, `cf_name`, `cf_type`, `cf_min`, `cf_max`, `cf_letters`) VALUES
(1, 'Weight (kg)', 'Decimal', 0, NULL, NULL),
(3, 'Date Released', 'Date', NULL, NULL, NULL),
(26, 'Size', 'Dropdown', NULL, NULL, 0),
(32, 'Colour', 'Dropdown', NULL, NULL, 0),
(33, 'Screen Size (inches)', 'Decimal', NULL, NULL, 0),
(34, 'Storage (GB)', 'Integer', NULL, NULL, 0);
INSERT INTO `cf_dropdown_value` (`cfdv_id`, `cf_id`, `cfdv_title`, `cfdv_value`) VALUES
(7, 26, 'XXL', 'XXL'),
(8, 26, 'XL', 'XL'),
(9, 26, 'L', 'Large'),
(10, 26, 'M', 'Medium'),
(11, 26, 'S', 'Small'),
(12, 26, 'XS', 'XS'),
(13, 32, 'Purple', 'Purple'),
(14, 32, 'Red', 'Red'),
(15, 32, 'Yellow', 'Yellow'),
(16, 32, 'Green', 'Green'),
(17, 32, 'Orange', 'Orange');
INSERT INTO `customer` (`c_id`, `c_first_name`, `c_last_name`, `c_line_1`, `c_line_2`, `c_postcode`, `c_line_3`, `c_line_4`, `c_country`, `c_email`) VALUES
(1, 'Random', 'Bobby', '10 King Road', 'Oxford', 'OX28 2LL', 'Oxfordshire', '', 'United Kingdom', 'bobby@hotmail.com');
INSERT INTO `product` (`p_id`, `p_name`, `p_long_desc`, `p_price`, `p_stock_quantity`, `p_meta`) VALUES
(1, 'Computer', 'Uber fast computer', 1234.56, 41, '{"Processor":"AMD Dual Core E-350","Storage":"500GB 3.5 7200rpm SATA Hard Drive","Optical Drive":"22x DVD Writer","Memory":"4GB DDR3 1333Mhz RAM","Case":"Micro ATX","Motherboard":"AMD A45 Chipset"}'),
(2, 'Cat', 'A cute kitten', 25.00, 29, ''),
(3, 'Mythical Man Month', 'Few books on software project management have been as influential and timeless asThe Mythical Man-Month. With a blend of software engineering facts and thought-provoking opinions, Fred Brooks offers insight for anyone managing complex projects. These essays draw from his experience as project manager for the IBM System/360 computer family and then for OS/360, its massive software system. Now, 20 years after the initial publication of his book, Brooks has revisited his original ideas and added new thoughts and advice, both for readers already familiar with his work and for readers discovering it for the first time.', 18.99, 9, '{"Book":"Paperback","Pages":336,"Language":"English","ISBN-10":"0201835959","ISBN-13":"978-0201835953","Edition":2}'),
(4, 'M*A*S*H - Season 7 (Collector''s Edition)', 'The entire seventh season of the satirical US television series (and spin-off from Robert Altman''s 1970 film), which depicts the crazy antics and the sexual adventures of Captain ''Hawkeye'' Pierce (Alan Alda), Captain ''Trapper'' John McIntyre (Wayne Rogers), Major ''Hotlips'' Houlihan (Loretta Swit), Major Frank Burns (Larry Linville) and Corporal ''Radar'' O''Reilly (Gary Burghoff). They all work in a Mobile Army Surgical Hospital during the Korean War and the black humour of the medical team is contrasted with the terrible waste of life that they are exposed to. ', 10.79, 47, '{"Region":2,"Format":"DVD","Discs":5}'),
(5, 'Apple iPad 4 with Retina Display - Black (16GB, WiFi)', 'Leave your mark on the screen', 316.99, 37, '{"Brand":"Apple", "Colour":"Black","Height (mm)":241.2,"Width (mm)":185.7,"Depth (mm)":9.4,"Weight (g)":662,"Display Size (inches)":9.7,"Resolution":"2048 x 1536 pixels","Pixel Density (ppi)":264,"Technology":"IPS LCD","Camera":"5 megapixels", "Storage (GB)":16,"Memory (MB)":1024}'),
(6, 'Pink Coat', 'Men''s fashion - pink coat.', 25.99, 43, '{"Size":"Medium","Colour", "Pink"}'),
(8, '43" TV', 'Quite a big TV.', 489.00, 28, '{"Screen Size":"43\\"","Brand":"Samsung","Model":"PN43F4500","Type":"Plasma","HDMI":2,"600HZ Subfield Motion":"Yes"}'),
(9, '30m Ethernet Cable', '30m Cat5e Ethernet LAN Network Patch Cable with RJ45 connectors', 2.69, 14, '{"Length":"30m","Grade":"CAT5e","Connectors":"RJ45","Suitability":"10/ 100/ 1000 Mbps","Outer Material":"PVC"}'),
(10, 'Canon 600D DSLR', 'The new kid on the block can most succinctly be described as a 550D with an articulated screen, that also incorporates many of the beginner-friendly features we first saw on the more enthusiast-orientated EOS 60D. Perhaps most notable of these is ''Basic+'', a simple, results-orientated approach to image adjustments in the scene-based exposure modes, that allows the user to change the look of their images and control background blur without needing to know anything technical about how this all works. The 600D also gains multi-aspect ratio shooting (in live view) plus the 60D''s ''Creative Filters'', a range of effects than can be applied to images after shooting, including toy camera, fisheye and fake-miniature looks. Additionally it can now wirelessly control off-camera flashes, including the Speedlite 320EX and 270EX II announced alongside it.', 350.95, 0, '{"Screen Size":"7.7cm","Full HD Recording":"Yes","Megapixels":18,"Sensor":"APS-C CMOS"}'),
(11, 'Intel 3rd Generation i5 3570K CPU', 'A new PC can provide you with unique and expanded capabilities. And when it is powered by a visibly smart 3rd generation Intel Core processor, it can deliver amazing performance. Smart features give your PC the ability to adapt to your needs, as well as stunning visuals built-in for an enhanced experience that you can both see and feel.', 161.17, 45, '{"Microarchitecture":"Ivy Bridge", "Socket":"LGA 1155","Graphics chipset":"Yes"}'),
(12, 'Solafeet Foot Tanner', 'Tan whilst you surf...the internet', 189.00, 44, ''),
(13, 'House', 'Modern house', 1000000.00, 46, '{"Size":"Big", "Square Footage":2000,"Style":"Designer"}'),
(14, 'Adidas Adipure Glider Football', 'Premium quality Adidas Adipure Glider Football.', 9.99, 12, ''),
(15, 'Callaway Hex Warbird Golf Balls', '12 Callaway Hex Warbird Golf Balls now with increased signal range providing the intelligent golfer with all the tools required to blow away the competition.', 12.95, 4, ''),
(16, 'Surface Pro 2', 'Heart of a laptop. Body of a tablet. Designed for the power user who doesn\'t stand still.', 719.00, 3, '{"Resolution":"1920 x 1080","Colour":"Purple","Weight (kg)":"0.9","Screen Size (inches)":"10.6","Storage (GB)":"512","Case Included":"No"}');
INSERT INTO `product_category` (`cp_id`, `p_id`, `cat_id`) VALUES
(1, 1, 1),
(2, 2, 103),
(3, 3, 44),
(4, 4, 15),
(5, 5, 54),
(6, 6, 5),
(7, 8, 47),
(8, 9, 55),
(9, 10, 46),
(10, 11, 56),
(11, 12, 36),
(12, 13, 3),
(13, 14, 6),
(14, 15, 34),
(15, 16, 54);
INSERT INTO `order_line` (`o_id`, `o_date`, `o_cost`, `o_dispatched`, `o_dispatch_date`, `c_id`, `o_delivered`, `o_deliver_date`) VALUES
(1, '2014-04-20', 12454.31, 0, '2014-04-22 00:00:00', 1, 0, '2014-04-22 00:00:00');
INSERT INTO `order_product` (`op_id`, `p_id`, `o_id`, `price`, `quantity`) VALUES
(1, 9, 1, 2.69, 11),
(2, 8, 1, 489.00, 9),
(3, 5, 1, 499.99, 3),
(4, 1, 1, 1234.56, 5),
(5, 10, 1, 350.95, 1);
INSERT INTO `product_image` (`pi_id`, `p_id`, `pi_url`, `pi_main_pic`) VALUES
(1, 1, 'ubfastcomp.jpg', 1),
(2, 2, 'cutekitten.jpg', 1),
(3, 3, 'MMM.jpg', 1),
(4, 4, 'mash7.jpg', 1),
(5, 5, 'ipid.jpg', 1),
(6, 6, 'pinkcoat.jpg', 1),
(8, 8, 'bigtv.jpg', 1),
(9, 9, 'cable.jpg', 1),
(10, 10, 'canon660d.jpg', 1),
(11, 11, 'intelcpu.jpg', 1),
(12, 12, 'foottanner.jpg', 1),
(14, 13, 'design-a-house-11.jpg', 1),
(15, 10, 'canonback.jpg', 0),
(16, 10, 'canonopen.jpg', 0),
(17, 14, '41qVhsMBlZL._SX270_.jpg', 1),
(18, 14, 'adidas_adipure_glider_football.jpg', 0),
(19, 14, 'adidas-adipure-glider-ball-black-red-01-11.jpg', 0),
(20, 15, '61A5FzeOF7L._SL1400_.jpg', 1),
(21, 15, 'callaway-hex-warbird-2013-golf-ball_62.png', 0),
(22, 16, 'surface-pro-2-in-purple-640x353.jpg', 1),
(23, 16, 'en-INTL_L_Surface_Pro_2_64GB_5HX-00001_RM3_mnco.jpg', 0),
(24, 16, 'Surface-Pro-2-purple.jpg', 0);